Contract,MonthlyCharges
Month-to-month,66.39849032258064
One year,65.04860828241684
Two year,60.770412979351036
