DeviceProtection,No,Yes
No,60.9,39.1
No internet service,92.60000000000001,7.3999999999999995
Yes,77.5,22.5
