Churn,proportion
No,73.4630129206304
Yes,26.536987079369588
