TechSupport,No,Yes
No,58.4,41.6
No internet service,92.60000000000001,7.3999999999999995
Yes,84.8,15.2
