OnlineSecurity,No,Yes
No,58.199999999999996,41.8
No internet service,92.60000000000001,7.3999999999999995
Yes,85.39999999999999,14.6
