MultipleLines,No,Yes
No,75.0,25.0
No phone service,75.1,24.9
Yes,71.39999999999999,28.599999999999998
