Contract,No,Yes
Month-to-month,57.3,42.699999999999996
One year,88.7,11.3
Two year,97.2,2.8000000000000003
