SeniorCitizen,No,Yes
0,76.4,23.599999999999998
1,58.3,41.699999999999996
