InternetService,No,Yes
DSL,81.0,19.0
Fiber optic,58.099999999999994,41.9
No,92.60000000000001,7.3999999999999995
