gender,No,Yes
Female,73.1,26.900000000000002
Male,73.8,26.200000000000003
