Contract,TotalCharges
Month-to-month,1369.2545806451612
One year,3033.57160556687
Two year,3715.1790265486725
