Contract,tenure
Month-to-month,18.036645161290323
One year,42.044806517311606
Two year,56.73510324483776
